order_id,order_ts,customer_id,store_id,product_id,quantity,unit_price,discount_pct,order_amount,payment_mode,order_status,channel,delivery_minutes
ORD000017,2026-09-01 09:38:13,C00298,S12,P0081,2,10.0,20,16.0,UPI,RETURNED,App,34
ORD000271,2026-09-04 20:42:53,C00003,S06,P0113,1,445.0,0,445.0,Cash on Delivery,RETURNED,App,11
ORD000332,2026-09-05 16:48:59,C00346,S12,P0035,1,67.0,0,67.0,Cash on Delivery,RETURNED,App,25
ORD000337,2026-09-05 17:54:32,C00036,S09,P0043,4,437.0,0,1748.0,UPI,RETURNED,App,30
ORD000584,2026-09-08 20:17:36,C00224,S02,P0014,1,108.0,5,102.6,Wallet,RETURNED,App,25
ORD000708,2026-09-10 12:44:47,C00071,S05,P0029,2,260.0,20,416.0,UPI,RETURNED,App,10
ORD000822,2026-09-11 22:25:24,C00152,S02,P0060,1,531.0,0,531.0,UPI,RETURNED,App,28
ORD001025,2026-09-14 10:26:30,C00121,S08,P0008,1,150.0,0,150.0,Cash on Delivery,RETURNED,App,20
ORD001067,2026-09-14 19:29:01,C00387,S03,P0144,1,666.0,20,532.8,Card,RETURNED,App,15
ORD001990,2026-09-25 20:53:03,C00074,S14,P0105,2,109.0,15,185.3,UPI,RETURNED,App,14
ORD002505,2026-10-01 06:02:00,C00069,S10,P0033,3,198.0,10,534.6,Card,DELIVERED,App,30
ORD002431,2026-10-01 06:04:00,C00100,S05,P0074,2,350.0,0,700.0,Card,DELIVERED,App,8
ORD002433,2026-10-01 06:24:00,C00179,S06,P0040,3,230.0,5,655.5,Cash on Delivery,DELIVERED,App,22
ORD002413,2026-10-01 06:29:00,C00094,S08,P0126,1,416.0,5,395.2,Cash on Delivery,DELIVERED,App,21
ORD002423,2026-10-01 07:01:00,C00014,S09,P0118,1,217.0,10,195.3,Cash on Delivery,DELIVERED,App,23
ORD002425,2026-10-01 07:02:00,C00239,S11,P0089,3,492.0,5,1402.2,Wallet,DELIVERED,App,18
ORD002410,2026-10-01 07:09:00,C00388,S07,P0047,1,304.0,0,304.0,Wallet,DELIVERED,App,13
ORD002417,2026-10-01 07:11:00,C00357,S05,P0099,3,303.0,10,818.1,Card,DELIVERED,App,9
ORD002445,2026-10-01 07:14:00,C00203,S09,P0004,3,188.0,0,564.0,Wallet,DELIVERED,App,24
ORD002412,2026-10-01 07:24:00,C00216,S05,P0101,3,248.0,10,669.6,Wallet,DELIVERED,App,10
ORD002444,2026-10-01 07:27:00,C00248,S04,P0086,1,23.0,5,21.85,Wallet,DELIVERED,App,11
ORD002416,2026-10-01 07:32:00,C00024,S01,P0085,1,137.0,10,123.3,Wallet,DELIVERED,App,17
ORD002409,2026-10-01 07:43:00,C00278,S11,P0147,3,242.0,0,726.0,UPI,DELIVERED,App,11
ORD002471,2026-10-01 07:44:00,C00050,S03,P0048,2,159.0,10,286.2,Wallet,DELIVERED,App,20
ORD002545,2026-10-01 07:48:00,C00202,S11,P0017,1,120.0,10,108.0,UPI,DELIVERED,App,14
ORD002527,2026-10-01 07:58:00,C00334,S08,P0147,1,242.0,5,229.9,Card,DELIVERED,App,17
ORD002459,2026-10-01 08:08:00,C00095,S09,P0149,1,144.0,5,136.8,UPI,DELIVERED,App,18
ORD002483,2026-10-01 08:09:00,C00008,S11,P0074,1,350.0,5,332.5,Card,DELIVERED,App,19
ORD002531,2026-10-01 08:15:00,C00049,S14,P0138,1,507.0,10,456.3,UPI,DELIVERED,App,9
ORD002537,2026-10-01 08:22:00,C00166,S07,P0085,3,137.0,10,369.9,Cash on Delivery,DELIVERED,App,8
ORD002534,2026-10-01 08:37:00,C00162,S13,P0041,1,444.0,0,444.0,Wallet,DELIVERED,App,19
ORD002469,2026-10-01 08:52:00,C00160,S06,P0144,1,666.0,10,599.4,Cash on Delivery,DELIVERED,App,24
ORD002540,2026-10-01 08:59:00,C00208,S11,P0088,2,277.0,5,526.3,Cash on Delivery,DELIVERED,App,18
ORD002519,2026-10-01 09:08:00,C00377,S09,P0142,3,115.0,5,327.75,UPI,DELIVERED,App,23
ORD002436,2026-10-01 09:27:00,C00260,S03,P0014,1,108.0,5,102.6,UPI,DELIVERED,App,23
ORD002503,2026-10-01 09:29:00,C00201,S03,P0120,3,344.0,10,928.8,UPI,DELIVERED,App,19
ORD002452,2026-10-01 09:49:00,C00246,S12,P0042,1,432.0,10,388.8,UPI,DELIVERED,App,11
ORD002466,2026-10-01 10:07:00,C00256,S05,P0006,3,197.0,5,561.45,Card,DELIVERED,App,27
ORD002476,2026-10-01 10:13:00,C00284,S05,P0096,1,395.0,10,355.5,Cash on Delivery,DELIVERED,App,16
ORD002407,2026-10-01 10:17:00,C00315,S03,P0123,3,629.0,0,1887.0,UPI,DELIVERED,App,12
ORD002432,2026-10-01 10:30:00,C00238,S14,P0140,1,364.0,0,364.0,UPI,DELIVERED,App,8
ORD002453,2026-10-01 10:31:00,C00331,S01,P0005,2,167.0,10,300.6,Wallet,DELIVERED,App,28
ORD002504,2026-10-01 10:35:00,C00035,S10,P0018,2,186.0,10,334.8,UPI,DELIVERED,App,22
ORD002547,2026-10-01 10:46:00,C00269,S02,P0042,1,432.0,10,388.8,Card,DELIVERED,App,15
ORD002406,2026-10-01 10:54:00,C00205,S14,P0054,1,849.0,10,764.1,Cash on Delivery,DELIVERED,App,25
ORD002447,2026-10-01 10:57:00,C00311,S14,P0122,1,315.0,5,299.25,Cash on Delivery,DELIVERED,App,21
ORD002408,2026-10-01 11:05:00,C00350,S08,P0066,2,209.0,0,418.0,Card,DELIVERED,App,28
ORD002480,2026-10-01 11:05:00,C00342,S04,P0030,1,50.0,10,45.0,UPI,DELIVERED,App,13
ORD002474,2026-10-01 11:10:00,C00170,S13,P0103,3,300.0,10,810.0,UPI,DELIVERED,App,21
ORD002512,2026-10-01 11:28:00,C00107,S01,P0143,3,455.0,5,1296.75,Card,DELIVERED,App,26
ORD002516,2026-10-01 11:36:00,C00288,S10,P0068,1,649.0,0,649.0,UPI,DELIVERED,App,23
ORD002449,2026-10-01 11:51:00,C00228,S15,P0045,2,387.0,5,735.3,Wallet,DELIVERED,App,25
ORD002523,2026-10-01 11:52:00,C00013,S12,P0096,3,395.0,10,1066.5,Cash on Delivery,DELIVERED,App,21
ORD002434,2026-10-01 11:55:00,C00365,S02,P0052,3,299.0,5,852.15,Wallet,DELIVERED,App,14
ORD002482,2026-10-01 11:58:00,C00066,S15,P0074,1,350.0,10,315.0,Cash on Delivery,DELIVERED,App,19
ORD002510,2026-10-01 12:08:00,C00077,S15,P0093,2,492.0,5,934.8,Card,DELIVERED,App,16
ORD002414,2026-10-01 12:15:00,C00127,S02,P0035,1,67.0,10,60.3,Card,DELIVERED,App,8
ORD002490,2026-10-01 12:34:00,C00309,S01,P0129,2,666.0,0,1332.0,UPI,DELIVERED,App,29
ORD002530,2026-10-01 12:35:00,C00273,S04,P0063,1,729.0,10,656.1,Cash on Delivery,DELIVERED,App,22
ORD002419,2026-10-01 12:47:00,C00067,S14,P0126,1,416.0,0,416.0,Cash on Delivery,DELIVERED,App,20
ORD002441,2026-10-01 12:47:00,C00065,S02,P0082,3,338.0,5,963.3,UPI,DELIVERED,App,12
ORD002511,2026-10-01 12:49:00,C00042,S11,P0056,1,663.0,5,629.85,UPI,DELIVERED,App,19
ORD002539,2026-10-01 12:50:00,C00115,S01,P0080,3,518.0,0,1554.0,UPI,DELIVERED,App,9
ORD002472,2026-10-01 12:52:00,C00132,S13,P0058,2,292.0,0,584.0,UPI,DELIVERED,App,27
ORD002401,2026-10-01 12:53:00,C00175,S14,P0005,3,167.0,5,475.95,Wallet,DELIVERED,App,13
ORD002485,2026-10-01 12:57:00,C00053,S11,P0028,2,76.0,0,152.0,UPI,DELIVERED,App,9
ORD002513,2026-10-01 12:59:00,C00300,S10,P0023,2,222.0,10,399.6,UPI,DELIVERED,App,29
ORD002497,2026-10-01 13:09:00,C00007,S09,P0046,3,197.0,0,591.0,UPI,DELIVERED,App,19
ORD002495,2026-10-01 13:10:00,C00213,S11,P0065,2,190.0,0,380.0,Cash on Delivery,DELIVERED,App,25
ORD002463,2026-10-01 13:25:00,C00268,S08,P0136,1,360.0,10,324.0,Wallet,DELIVERED,App,27
ORD002473,2026-10-01 13:32:00,C00218,S06,P0065,2,190.0,5,361.0,Card,DELIVERED,App,12
ORD002442,2026-10-01 13:35:00,C00055,S01,P0028,3,76.0,10,205.2,UPI,DELIVERED,App,29
ORD002403,2026-10-01 13:38:00,C00267,S08,P0026,3,205.0,5,584.25,Cash on Delivery,DELIVERED,App,9
ORD002491,2026-10-01 13:41:00,C00292,S15,P0073,2,279.0,5,530.1,Cash on Delivery,DELIVERED,App,8
ORD002496,2026-10-01 13:43:00,C00122,S09,P0034,1,205.0,0,205.0,Wallet,DELIVERED,App,18
ORD002481,2026-10-01 13:47:00,C00275,S13,P0112,1,183.0,5,173.85,Card,DELIVERED,App,14
ORD002521,2026-10-01 13:47:00,C00255,S05,P0006,1,197.0,10,177.3,Card,DELIVERED,App,29
ORD002535,2026-10-01 13:47:00,C00285,S13,P0064,1,620.0,5,589.0,Card,DELIVERED,App,24
ORD002489,2026-10-01 13:49:00,C00227,S08,P0122,1,315.0,0,315.0,UPI,DELIVERED,App,18
ORD002468,2026-10-01 14:14:00,C00172,S02,P0007,1,93.0,10,83.7,Wallet,DELIVERED,App,29
ORD002529,2026-10-01 14:16:00,C00246,S08,P0041,2,444.0,10,799.2,Cash on Delivery,DELIVERED,App,22
ORD002440,2026-10-01 14:34:00,C00360,S15,P0006,2,197.0,5,374.3,Card,DELIVERED,App,9
ORD002488,2026-10-01 14:52:00,C00364,S01,P0065,2,190.0,10,342.0,UPI,DELIVERED,App,12
ORD002479,2026-10-01 14:59:00,C00215,S05,P0012,3,137.0,5,390.45,Wallet,DELIVERED,App,24
ORD002435,2026-10-01 15:01:00,C00054,S08,P0036,2,131.0,0,262.0,Card,DELIVERED,App,28
ORD002546,2026-10-01 15:07:00,C00316,S06,P0113,2,445.0,10,801.0,Cash on Delivery,DELIVERED,App,26
ORD002500,2026-10-01 15:10:00,C00377,S08,P0040,3,230.0,10,621.0,Card,DELIVERED,App,28
ORD002507,2026-10-01 15:10:00,C00086,S12,P0061,2,819.0,10,1474.2,Wallet,DELIVERED,App,14
ORD002426,2026-10-01 15:12:00,C00231,S10,P0095,3,354.0,5,1008.9,UPI,DELIVERED,App,15
ORD002448,2026-10-01 15:22:00,C00326,S08,P0146,2,337.0,0,674.0,Cash on Delivery,DELIVERED,App,13
ORD002418,2026-10-01 15:23:00,C00076,S09,P0097,1,302.0,5,286.9,Card,DELIVERED,App,11
ORD002494,2026-10-01 15:29:00,C00356,S10,P0076,1,11.0,0,11.0,Card,DELIVERED,App,22
ORD002508,2026-10-01 15:32:00,C00336,S05,P0150,3,337.0,10,909.9,Cash on Delivery,DELIVERED,App,19
ORD002493,2026-10-01 15:39:00,C00050,S10,P0012,3,137.0,5,390.45,Wallet,DELIVERED,App,18
ORD002498,2026-10-01 15:53:00,C00062,S14,P0140,1,364.0,10,327.6,UPI,DELIVERED,App,8
ORD002450,2026-10-01 15:56:00,C00247,S13,P0146,3,337.0,10,909.9,Card,DELIVERED,App,29
ORD002542,2026-10-01 15:59:00,C00234,S01,P0068,2,649.0,5,1233.1,Cash on Delivery,DELIVERED,App,11
ORD002518,2026-10-01 16:00:00,C00296,S14,P0066,1,209.0,0,209.0,Card,DELIVERED,App,21
ORD002428,2026-10-01 16:03:00,C00043,S14,P0072,3,396.0,10,1069.2,UPI,DELIVERED,App,26
ORD002475,2026-10-01 16:06:00,C00190,S02,P0046,1,197.0,5,187.15,Wallet,DELIVERED,App,11
ORD002506,2026-10-01 16:08:00,C00287,S07,P0079,1,227.0,10,204.3,Card,DELIVERED,App,18
ORD002509,2026-10-01 16:23:00,C00073,S13,P0023,1,222.0,10,199.8,Card,DELIVERED,App,15
ORD002411,2026-10-01 16:25:00,C00323,S05,P0019,3,220.0,10,594.0,Card,DELIVERED,App,21
ORD002424,2026-10-01 16:35:00,C00054,S11,P0137,1,168.0,10,151.2,UPI,DELIVERED,App,22
ORD002526,2026-10-01 16:35:00,C00020,S01,P0074,3,350.0,10,945.0,Card,DELIVERED,App,19
ORD002478,2026-10-01 16:40:00,C00134,S11,P0006,2,197.0,5,374.3,Cash on Delivery,DELIVERED,App,30
ORD002517,2026-10-01 16:41:00,C00265,S05,P0042,2,432.0,5,820.8,Wallet,DELIVERED,App,16
ORD002464,2026-10-01 16:44:00,C00075,S05,P0064,2,620.0,5,1178.0,Cash on Delivery,DELIVERED,App,11
ORD002455,2026-10-01 16:46:00,C00030,S11,P0057,1,820.0,0,820.0,Cash on Delivery,DELIVERED,App,23
ORD002467,2026-10-01 16:55:00,C00271,S04,P0052,1,299.0,5,284.05,Cash on Delivery,DELIVERED,App,24
ORD002487,2026-10-01 16:56:00,C00260,S14,P0021,1,142.0,10,127.8,Card,DELIVERED,App,18
ORD002477,2026-10-01 16:57:00,C00321,S14,P0117,1,77.0,10,69.3,Cash on Delivery,DELIVERED,App,8
ORD002446,2026-10-01 17:00:00,C00378,S14,P0111,2,169.0,5,321.1,Cash on Delivery,DELIVERED,App,11
ORD002415,2026-10-01 17:07:00,C00198,S02,P0002,1,105.0,10,94.5,Card,DELIVERED,App,13
ORD002486,2026-10-01 17:09:00,C00398,S08,P0026,2,205.0,10,369.0,Card,DELIVERED,App,26
ORD002520,2026-10-01 17:12:00,C00286,S11,P0048,1,159.0,0,159.0,UPI,DELIVERED,App,19
ORD002515,2026-10-01 17:14:00,C00238,S10,P0041,1,444.0,0,444.0,UPI,DELIVERED,App,16
ORD002522,2026-10-01 17:20:00,C00352,S03,P0083,3,125.0,5,356.25,Card,DELIVERED,App,18
ORD002402,2026-10-01 17:25:00,C00240,S01,P0082,3,338.0,10,912.6,Card,DELIVERED,App,13
ORD002458,2026-10-01 17:41:00,C00397,S05,P0059,1,883.0,10,794.7,UPI,DELIVERED,App,20
ORD002543,2026-10-01 17:45:00,C00169,S11,P0080,2,518.0,0,1036.0,Wallet,DELIVERED,App,14
ORD002550,2026-10-01 17:50:00,C00236,S05,P0097,3,302.0,10,815.4,Card,DELIVERED,App,20
ORD002528,2026-10-01 17:51:00,C00319,S06,P0069,3,228.0,0,684.0,Wallet,DELIVERED,App,30
ORD002499,2026-10-01 17:55:00,C00171,S15,P0064,1,620.0,0,620.0,Card,DELIVERED,App,22
ORD002457,2026-10-01 17:58:00,C00329,S10,P0024,2,36.0,10,64.8,Cash on Delivery,DELIVERED,App,29
ORD002465,2026-10-01 18:00:00,C00074,S02,P0109,3,203.0,5,578.55,Wallet,DELIVERED,App,17
ORD002430,2026-10-01 18:13:00,C00112,S13,P0103,2,300.0,0,600.0,UPI,DELIVERED,App,25
ORD002532,2026-10-01 18:13:00,C00329,S08,P0107,1,567.0,5,538.65,Cash on Delivery,DELIVERED,App,28
ORD002460,2026-10-01 18:16:00,C00339,S14,P0105,3,109.0,0,327.0,Card,DELIVERED,App,8
ORD002549,2026-10-01 18:16:00,C00003,S14,P0023,1,222.0,10,199.8,UPI,DELIVERED,App,30
ORD002538,2026-10-01 18:22:00,C00257,S08,P0110,3,42.0,5,119.7,Card,DELIVERED,App,29
ORD002429,2026-10-01 18:59:00,C00248,S09,P0150,1,337.0,10,303.3,Cash on Delivery,DELIVERED,App,25
ORD002544,2026-10-01 19:03:00,C00219,S10,P0051,3,283.0,0,849.0,Cash on Delivery,DELIVERED,App,28
ORD002438,2026-10-01 19:05:00,C00327,S11,P0014,2,108.0,10,194.4,UPI,DELIVERED,App,25
ORD002533,2026-10-01 19:08:00,C00397,S03,P0021,1,142.0,5,134.9,UPI,DELIVERED,App,29
ORD002525,2026-10-01 19:19:00,C00140,S12,P0055,3,684.0,0,2052.0,Card,DELIVERED,App,17
ORD002470,2026-10-01 19:28:00,C00225,S08,P0040,3,230.0,0,690.0,Card,DELIVERED,App,15
ORD002421,2026-10-01 19:29:00,C00233,S11,P0101,1,248.0,5,235.6,Card,DELIVERED,App,23
ORD002404,2026-10-01 19:33:00,C00068,S01,P0149,1,144.0,10,129.6,Wallet,DELIVERED,App,18
ORD002437,2026-10-01 19:40:00,C00351,S04,P0045,3,387.0,0,1161.0,UPI,DELIVERED,App,25
ORD002427,2026-10-01 19:44:00,C00237,S14,P0058,3,292.0,10,788.4,Cash on Delivery,DELIVERED,App,28
ORD002484,2026-10-01 19:46:00,C00250,S07,P0064,2,620.0,0,1240.0,Cash on Delivery,DELIVERED,App,17
ORD002454,2026-10-01 19:50:00,C00394,S02,P0020,2,55.0,10,99.0,Wallet,DELIVERED,App,29
ORD002524,2026-10-01 19:57:00,C00174,S12,P0004,1,188.0,0,188.0,UPI,DELIVERED,App,12
ORD002451,2026-10-01 20:09:00,C00199,S11,P0147,2,242.0,0,484.0,Wallet,DELIVERED,App,9
ORD002420,2026-10-01 20:16:00,C00060,S01,P0065,2,190.0,5,361.0,Wallet,DELIVERED,App,9
ORD002501,2026-10-01 20:27:00,C00006,S08,P0040,1,230.0,0,230.0,UPI,DELIVERED,App,9
ORD002541,2026-10-01 20:28:00,C00228,S10,P0064,1,620.0,5,589.0,Cash on Delivery,DELIVERED,App,12
ORD002536,2026-10-01 20:29:00,C00231,S06,P0123,3,629.0,5,1792.65,Cash on Delivery,DELIVERED,App,19
ORD002514,2026-10-01 20:38:00,C00240,S10,P0077,1,369.0,5,350.55,Cash on Delivery,DELIVERED,App,28
ORD002502,2026-10-01 20:39:00,C00293,S12,P0139,1,405.0,5,384.75,Card,DELIVERED,App,13
ORD002443,2026-10-01 20:53:00,C00120,S15,P0117,3,77.0,5,219.45,Cash on Delivery,DELIVERED,App,12
ORD002548,2026-10-01 21:05:00,C00316,S11,P0039,2,380.0,0,760.0,Wallet,DELIVERED,App,22
ORD002405,2026-10-01 21:07:00,C00205,S13,P0033,1,198.0,5,188.1,UPI,DELIVERED,App,22
ORD002439,2026-10-01 21:10:00,C00041,S02,P0132,3,497.0,10,1341.9,Card,DELIVERED,App,19
ORD002422,2026-10-01 21:29:00,C00131,S02,P0117,1,77.0,0,77.0,UPI,DELIVERED,App,9
ORD002456,2026-10-01 21:32:00,C00368,S10,P0126,1,416.0,5,395.2,Wallet,DELIVERED,App,10
ORD002492,2026-10-01 21:34:00,C00099,S01,P0135,1,248.0,10,223.2,Card,DELIVERED,App,13
ORD002462,2026-10-01 21:53:00,C00105,S07,P0052,2,299.0,10,538.2,Card,DELIVERED,App,18
ORD002461,2026-10-01 22:33:00,C00043,S11,P0148,1,105.0,5,99.75,Card,DELIVERED,App,16
