order_id,customer_id,product_id,order_date,revenue
O001,C004,P001,2026-07-13,130.0
O002,C005,P012,2026-07-16,341.58
O003,C018,P002,2026-07-08,216.74
O004,C001,P002,2026-07-14,124.0
O005,C020,P001,2026-07-09,107.43
O006,,P007,2026-07-14,230.11
O007,C009,P013,2026-07-17,381.82
O008,C006,P012,2026-07-11,176.72
O009,C005,P004,2026-07-12,60.08
O010,C013,P002,2026-07-12,425.27
O011,C020,P005,2026-07-17,367.57
O012,C018,P002,2026-07-11,48.61
O013,,P014,2026-07-07,313.07
O014,C012,P010,2026-07-14,355.24
O015,C002,P011,2026-07-14,388.8
O016,C003,P014,2026-07-14,434.58
O017,C013,P005,2026-07-10,321.49
O018,C012,P003,2026-07-12,184.08
O019,C009,P012,2026-07-07,327.54
O020,C020,P011,2026-07-15,271.73
O020,C020,P011,2026-07-15,271.73
O022,C018,P004,2026-07-07,168.9
O023,C002,P004,2026-07-17,404.47
O024,C013,P005,2026-07-16,113.38
O025,C019,P015,2026-07-12,114.19
O026,C016,P007,2026-07-07,234.84
O027,C009,P003,2026-07-14,375.04
O028,C018,P005,2026-07-08,219.93
O029,C019,P007,2026-07-12,117.47
O030,C005,P009,2026-07-10,54.55
O031,C002,P014,2026-07-20,84.89
O032,C006,P013,2026-07-07,216.86
O033,C003,P007,2026-07-11,301.99
O034,C015,P009,2026-07-13,485.83
O035,C001,P011,2026-07-16,344.04
O036,C018,P013,2026-07-13,386.61
O037,C011,P002,2026-07-13,223.03
O038,C015,P001,2026-07-13,486.23
O039,C006,P009,2026-07-16,436.55
O040,C010,P014,2026-07-07,258.75
O041,C007,P003,2026-07-12,383.63
O042,C018,P013,2026-07-09,460.06
O043,C020,P006,2026-07-10,19.54
O044,C012,P015,2026-07-13,127.33
O045,C008,P015,2026-07-08,474.01
O046,C003,P012,2026-07-10,-75.0
O047,C018,P013,2026-07-15,72.91
O048,C016,P009,2026-07-15,139.88
O049,C020,P007,2026-07-14,465.17
O050,C007,P012,2026-07-13,205.51
O051,C012,P008,2026-07-09,231.23
O052,C008,P004,2026-07-16,175.66
O053,C019,P009,2026-07-14,298.34
O054,C001,P002,2026-07-07,38.85
O055,C003,P015,2026-07-17,431.22
O056,C003,P009,2026-07-14,146.45
O057,C016,P004,2026-07-09,74.83
O058,C019,P010,2026-07-10,129.07
O059,C016,P013,2026-07-11,103.3
O060,C004,P011,2026-07-11,183.61
